"","campo","ano","local","estado","lat","long","residuo","incidencia","severidade","especie","quimiotipo","index"
"1",37,2009,"Coxilha","RS",-28.267,-52.206,NA,0,0,"Fusarium graminearum","15-ADON",186
"2",37,2009,"Coxilha","RS",-28.267,-52.206,NA,0,0,"Fusarium graminearum","15-ADON",187
"3",37,2009,"Coxilha","RS",-28.267,-52.206,NA,0,0,"Fusarium graminearum","15-ADON",188
"4",48,2010,"Antonio Prado","RS",-28.33483,-52.88072,"soybean",2,0.02,"Fcor","NIV",11
"5",45,2010,"Vacaria","RS",-28.60075,-51.03706,"corn",2,0.03,"Fusarium graminearum","15-ADON",642
"6",7,2011,"Ijui","RS",-28.37331,-53.83989,"soybean",2,0.03,"Fusarium graminearum","15-ADON",259
"7",7,2011,"Ijui","RS",-28.38306,-54.03853,"soybean",2,0.03,"Fusarium graminearum","15-ADON",260
"8",7,2011,"Ijui","RS",-28.36456,-53.79106,"soybean",2,0.03,"Fusarium graminearum","15-ADON",261
"9",7,2011,"Ijui","RS",-28.28686,-52.70706,"soybean",2,0.03,"Fmer","NIV",262
"10",59,2011,"Vacaria","RS",-28.26644,-51.66858,"corn",1,0.05,"Fusarium graminearum","15-ADON",665
"11",2,2011,"Ijui","RS",-28.46053,-53.86439,"soybean",2.5,0.07,"Fusarium graminearum","15-ADON",246
"12",2,2011,"Ijui","RS",-28.38306,-54.03853,"soybean",2.5,0.07,"Fusarium graminearum","15-ADON",247
"13",2,2011,"Ijui","RS",-28.38306,-54.03853,"soybean",2.5,0.07,"Fusarium graminearum","15-ADON",248
"14",2,2011,"Ijui","RS",-28.07047,-51.91642,"soybean",2.5,0.07,"Fusarium graminearum","15-ADON",249
"15",46,2010,"Vacaria","RS",-28.35564,-51.11736,"corn",4,0.09,"Fcor","NIV",643
"16",46,2010,"Vacaria","RS",-28.63539,-51.08653,"corn",4,0.09,"Fusarium graminearum","15-ADON",644
"17",46,2010,"Vacaria","RS",-28.63539,-51.08653,"corn",4,0.09,"Fusarium graminearum","15-ADON",645
"18",46,2010,"Vacaria","RS",-28.63539,-51.08653,"corn",4,0.09,"Fusarium graminearum","15-ADON",646
"19",46,2010,"Vacaria","RS",-28.35564,-51.11736,"corn",4,0.09,"Fmer","NIV",647
"20",46,2010,"Vacaria","RS",-28.35564,-51.11736,"corn",4,0.09,"Fmer","NIV",648
"21",16,2011,"Panambi","RS",-28.38889,-53.25869,"corn",3.5,0.09,"Fusarium graminearum","15-ADON",428
"22",42,2009,"Carazinho","RS",-28.248,-51.822,"corn",3,0.12,"Fusarium graminearum","15-ADON",119
"23",42,2009,"Carazinho","RS",-28.248,-51.822,"corn",3,0.12,"Fusarium graminearum","15-ADON",120
"24",42,2009,"Carazinho","RS",-28.248,-51.822,"corn",3,0.12,"Fusarium graminearum","15-ADON",121
"25",9,2011,"Santa Barbara do Sul","RS",-28.38442,-53.35019,"soybean",1,0.15,"Fusarium graminearum","15-ADON",544
"26",9,2011,"Santa Barbara do Sul","RS",-28.38442,-53.35019,"soybean",1,0.15,"Fusarium graminearum","15-ADON",545
"27",9,2011,"Santa Barbara do Sul","RS",-28.38442,-53.35019,"soybean",1,0.15,"Fusarium graminearum","15-ADON",546
"28",9,2011,"Santa Barbara do Sul","RS",-28.28686,-52.70706,"soybean",1,0.15,"Fusarium graminearum","15-ADON",547
"29",9,2011,"Santa Barbara do Sul","RS",-28.28686,-52.70706,"soybean",1,0.15,"Fusarium graminearum","15-ADON",548
"30",9,2011,"Santa Barbara do Sul","RS",-28.40511,-52.26956,"soybean",1,0.15,"Fusarium graminearum","15-ADON",549
"31",56,2011,"Vacaria","RS",-28.26994,-51.92253,"corn",2.5,0.15,"Fcor","NIV",663
"32",4,2011,"Ijui","RS",-28.42317,-53.91117,"soybean",7,0.16,"Fusarium graminearum","15-ADON",250
"33",4,2011,"Ijui","RS",-28.42317,-53.91117,"soybean",7,0.16,"Fusarium graminearum","15-ADON",251
"34",4,2011,"Ijui","RS",-28.42317,-53.91117,"soybean",7,0.16,"Fusarium graminearum","15-ADON",252
"35",4,2011,"Ijui","RS",-28.37331,-53.83989,"soybean",7,0.16,"Fusarium graminearum","15-ADON",253
"36",49,2010,"Antonio Prado","RS",-28.72158,-51.24422,"corn",11,0.22,"Fusarium graminearum","15-ADON",12
"37",49,2010,"Antonio Prado","RS",-28.30103,-51.46317,"corn",11,0.22,"Fusarium graminearum","15-ADON",13
"38",49,2010,"Antonio Prado","RS",-28.27356,-52.68206,"corn",11,0.22,"Fusarium graminearum","15-ADON",14
"39",49,2010,"Antonio Prado","RS",-28.27356,-52.68206,"corn",11,0.22,"Fusarium graminearum","15-ADON",15
"40",19,2011,"Carazinho","RS",-28.34244,-52.92094,"corn",9,0.23,"Fusarium graminearum","15-ADON",110
"41",19,2011,"Carazinho","RS",-28.48617,-52.81439,"corn",9,0.23,"Fusarium graminearum","15-ADON",111
"42",19,2011,"Carazinho","RS",-28.48617,-52.81439,"corn",9,0.23,"Fusarium graminearum","15-ADON",112
"43",41,2009,"Passo Fundo","RS",-27.926,-53.317,"corn",2.5,0.24,"Fusarium graminearum","15-ADON",450
"44",41,2009,"Passo Fundo","RS",-27.926,-53.317,"corn",2.5,0.24,"Fusarium graminearum","15-ADON",451
"45",23,2011,"Tio Hugo","RS",-28.53642,-52.57522,"soybean",8,0.25,"Fusarium graminearum","15-ADON",609
"46",23,2011,"Tio Hugo","RS",-28.38472,-51.54639,"soybean",8,0.25,"Fusarium graminearum","15-ADON",610
"47",23,2011,"Tio Hugo","RS",-28.52139,-51.07556,"soybean",8,0.25,"Fusarium graminearum","15-ADON",611
"48",23,2011,"Tio Hugo","RS",-28.655,-50.79139,"soybean",8,0.25,"Fusarium graminearum","15-ADON",612
"49",29,2009,"Nao-me-Toque","RS",-27.734,-53.168,"soybean",17.89,0.26,"Fusarium graminearum","15-ADON",387
"50",29,2009,"Nao-me-Toque","RS",-27.734,-53.168,"soybean",17.89,0.26,"Fusarium graminearum","15-ADON",388
"51",29,2009,"Nao-me-Toque","RS",-27.734,-53.168,"soybean",17.89,0.26,"Fusarium graminearum","15-ADON",389
"52",54,2011,"Vacaria","RS",-28.30103,-51.46317,"soybean",9,0.29,"Fusarium graminearum","15-ADON",662
"53",38,2009,"Coxilha","RS",-28.306,-52.135,"corn",5,0.31,"Fusarium graminearum","15-ADON",189
"54",38,2009,"Coxilha","RS",-28.306,-52.135,"corn",5,0.31,"Fusarium graminearum","15-ADON",190
"55",38,2009,"Coxilha","RS",-28.306,-52.135,"corn",5,0.31,"Fusarium graminearum","15-ADON",191
"56",27,2009,"Nao-me-Toque","RS",-28.146,-52.418,"corn",6,0.31,"Fusarium graminearum","15-ADON",382
"57",27,2009,"Nao-me-Toque","RS",-28.245,-52.572,"corn",6,0.31,"Fusarium graminearum","15-ADON",383
"58",27,2009,"Nao-me-Toque","RS",-28.245,-52.572,"corn",6,0.31,"Fusarium graminearum","15-ADON",384
"59",41,2010,"Lagoa Vermelha","RS",-28.17861,-51.64911,"corn",12,0.32,"Faus","3-ADON",314
"60",41,2010,"Lagoa Vermelha","RS",-28.17861,-51.64911,"corn",12,0.32,"Fcor","3-ADON",315
"61",41,2010,"Lagoa Vermelha","RS",-28.27044,-51.92267,"corn",12,0.32,"Fusarium graminearum","15-ADON",316
"62",41,2010,"Lagoa Vermelha","RS",-28.27044,-51.92267,"corn",12,0.32,"Fusarium graminearum","15-ADON",317
"63",41,2010,"Lagoa Vermelha","RS",-28.27044,-51.92267,"corn",12,0.32,"Fusarium graminearum","15-ADON",318
"64",36,2010,"Sananduva","RS",-28.60075,-51.03706,"corn",22.5,0.32,"Fcor","NIV",530
"65",36,2010,"Sananduva","RS",-27.97308,-51.78419,"corn",22.5,0.32,"Fusarium graminearum","15-ADON",531
"66",36,2010,"Sananduva","RS",-28.41319,-53.10164,"corn",22.5,0.32,"Fusarium graminearum","15-ADON",532
"67",36,2010,"Sananduva","RS",-28.41319,-53.10164,"corn",22.5,0.32,"Fusarium graminearum","15-ADON",533
"68",36,2010,"Sananduva","RS",-28.41319,-53.10164,"corn",22.5,0.32,"Fusarium graminearum","15-ADON",534
"69",39,2009,"Coxilha","RS",-28.446,-53.531,"soybean",6,0.33,"Fusarium graminearum","15-ADON",192
"70",39,2009,"Coxilha","RS",-28.446,-53.531,"soybean",6,0.33,"Fusarium graminearum","15-ADON",193
"71",39,2009,"Coxilha","RS",-28.446,-53.531,"soybean",6,0.33,"Fusarium graminearum","15-ADON",194
"72",39,2009,"Coxilha","RS",-28.825,-53.613,"soybean",6,0.33,"Fmer","NIV",195
"73",37,2010,"Lagoa Vermelha","RS",-28.22347,-51.50097,"soybean",25.5,0.34,"Fusarium graminearum","15-ADON",300
"74",37,2010,"Lagoa Vermelha","RS",-28.31231,-51.36056,"soybean",25.5,0.34,"Fusarium graminearum","15-ADON",301
"75",37,2010,"Lagoa Vermelha","RS",-28.31231,-51.36056,"soybean",25.5,0.34,"Fusarium graminearum","15-ADON",302
"76",37,2010,"Lagoa Vermelha","RS",-28.33378,-51.30022,"soybean",25.5,0.34,"Fusarium graminearum","15-ADON",303
"77",13,2011,"Condor","RS",-28.52192,-53.79314,"soybean",15,0.35,"Fusarium graminearum","15-ADON",151
"78",5,2011,"Ijui","RS",-28.46053,-53.86439,"soybean",14,0.35,"Fusarium graminearum","15-ADON",254
"79",5,2011,"Ijui","RS",-28.46053,-53.86439,"soybean",14,0.35,"Fusarium graminearum","15-ADON",255
"80",5,2011,"Ijui","RS",-28.07047,-51.91642,"soybean",14,0.35,"Fusarium graminearum","15-ADON",256
"81",6,2011,"Ijui","RS",-28.37331,-53.83989,"soybean",8,0.35,"Fusarium graminearum","15-ADON",257
"82",6,2011,"Ijui","RS",-28.07047,-51.91642,"soybean",8,0.35,"Fusarium graminearum","15-ADON",258
"83",44,2009,"Coronel Barros","RS",-28.218,-51.579,"corn",8,0.37,"Fusarium graminearum","15-ADON",161
"84",44,2009,"Coronel Barros","RS",-28.218,-51.579,"corn",8,0.37,"Fusarium graminearum","15-ADON",162
"85",44,2009,"Coronel Barros","RS",-28.218,-51.579,"corn",8,0.37,"Fusarium graminearum","15-ADON",163
"86",41,2011,"Sananduva","RS",-28.38442,-53.35019,"soybean",12.5,0.37,"Fusarium graminearum","15-ADON",535
"87",41,2011,"Sananduva","RS",-28.38442,-53.35019,"soybean",12.5,0.37,"Fusarium graminearum","15-ADON",536
"88",46,2009,"Coronel Barros","RS",-28.276,-51.467,"soybean",10,0.38,"Fusarium graminearum","15-ADON",167
"89",26,2011,"Nao-me-Toque","RS",-28.64086,-52.85092,"corn",5.5,0.38,"Fusarium graminearum","15-ADON",376
"90",26,2011,"Nao-me-Toque","RS",-28.60225,-52.86258,"corn",5.5,0.38,"Fusarium graminearum","15-ADON",377
"91",26,2011,"Nao-me-Toque","RS",-28.64086,-52.85092,"corn",5.5,0.38,"Fusarium graminearum","15-ADON",378
"92",26,2011,"Nao-me-Toque","RS",-28.64086,-52.85092,"corn",5.5,0.38,"Fusarium graminearum","15-ADON",379
"93",26,2011,"Nao-me-Toque","RS",-28.34125,-53.50169,"corn",5.5,0.38,"Fusarium graminearum","15-ADON",380
"94",26,2011,"Nao-me-Toque","RS",-28.38889,-53.25869,"corn",5.5,0.38,"Fusarium graminearum","15-ADON",381
"95",38,2010,"Barreto","RS",-28.32164,-51.23739,"soybean",13,0.46,"Faus","3-ADON",29
"96",38,2010,"Barreto","RS",-28.24944,-51.84692,"soybean",13,0.46,"Fcor","NIV",30
"97",38,2010,"Barreto","RS",-28.27356,-52.68206,"soybean",13,0.46,"Fusarium graminearum","15-ADON",31
"98",38,2010,"Barreto","RS",-28.26644,-51.66858,"soybean",13,0.46,"Fmer","NIV",32
"99",34,2010,"Ibiaca","RS",-28.31231,-51.36056,"corn",6,0.47,"Fcor","NIV",238
"100",34,2010,"Ibiaca","RS",-28.17861,-51.64911,"corn",6,0.47,"Fusarium graminearum","15-ADON",239
"101",34,2010,"Ibiaca","RS",-28.17861,-51.64911,"corn",6,0.47,"Fusarium graminearum","15-ADON",240
"102",34,2010,"Ibiaca","RS",-28.31231,-51.36056,"corn",6,0.47,"Fmer","NIV",241
"103",34,2010,"Ibiaca","RS",-28.27044,-51.92267,"corn",6,0.47,"Fmer","NIV",242
"104",57,2011,"Vacaria","RS",-28.31181,-52.80419,"corn",6.5,0.51,"Fusarium graminearum","15-ADON",664
"105",48,2009,"Ijui","RS",-28.587,-52.627,"soybean",5,0.55,"Fusarium graminearum","15-ADON",270
"106",48,2009,"Ijui","RS",-28.491,-52.561,"soybean",5,0.55,"Fusarium graminearum","15-ADON",271
"107",24,2011,"Victor Graeff","RS",-28.37067,-52.98822,"soybean",18.5,0.58,"Fusarium graminearum","15-ADON",666
"108",24,2011,"Victor Graeff","RS",-28.37067,-52.98822,"soybean",18.5,0.58,"Fusarium graminearum","15-ADON",667
"109",18,2011,"Colorado","RS",-28.42317,-53.91117,"soybean",17,0.61,"Fusarium graminearum","15-ADON",144
"110",44,2010,"Vacaria","RS",-28.45236,-50.99744,"corn",14,0.63,"Fusarium graminearum","15-ADON",639
"111",44,2010,"Vacaria","RS",-28.60075,-51.03706,"corn",14,0.63,"Fusarium graminearum","15-ADON",640
"112",44,2010,"Vacaria","RS",-28.60075,-51.03706,"corn",14,0.63,"Fusarium graminearum","15-ADON",641
"113",50,2011,"Lagoa Vermelha","RS",-28.07047,-51.91642,"soybean",16,0.65,"Fusarium graminearum","15-ADON",319
"114",50,2011,"Lagoa Vermelha","RS",-28.37986,-52.78922,"soybean",16,0.65,"Fusarium graminearum","15-ADON",320
"115",50,2011,"Lagoa Vermelha","RS",-28.37986,-52.78922,"soybean",16,0.65,"Fusarium graminearum","15-ADON",321
"116",50,2011,"Lagoa Vermelha","RS",-28.26447,-52.21114,"soybean",16,0.65,"Fusarium graminearum","15-ADON",322
"117",40,2009,"Passo Fundo","RS",-28.266,-51.919,"potato",6.5,0.66,"Fusarium graminearum","15-ADON",448
"118",40,2009,"Passo Fundo","RS",-27.926,-53.317,"potato",6.5,0.66,"Fusarium graminearum","15-ADON",449
"119",17,2011,"Panambi","RS",-28.34125,-53.50169,"corn",14.5,0.7,"Fusarium graminearum","15-ADON",429
"120",17,2011,"Panambi","RS",-28.30167,-52.04822,"corn",14.5,0.7,"Fusarium graminearum","15-ADON",430
"121",17,2011,"Panambi","RS",-28.30167,-52.04822,"corn",14.5,0.7,"Fusarium graminearum","15-ADON",431
"122",17,2011,"Panambi","RS",-28.38442,-53.35019,"corn",14.5,0.7,"Fusarium graminearum","15-ADON",432
"123",42,2010,"Vacaria","RS",-28.35564,-51.11736,"corn",13,0.73,"Fusarium graminearum","15-ADON",626
"124",42,2010,"Vacaria","RS",-28.35564,-51.11736,"corn",13,0.73,"Fusarium graminearum","15-ADON",627
"125",42,2010,"Vacaria","RS",-28.35564,-51.11736,"corn",13,0.73,"Fusarium graminearum","15-ADON",628
"126",42,2010,"Vacaria","RS",-28.35564,-51.11736,"corn",13,0.73,"Fusarium graminearum","15-ADON",629
"127",42,2010,"Vacaria","RS",-28.39075,-51.05486,"corn",13,0.73,"Fusarium graminearum","15-ADON",630
"128",42,2010,"Vacaria","RS",-28.39075,-51.05486,"corn",13,0.73,"Fusarium graminearum","15-ADON",631
"129",42,2010,"Vacaria","RS",-28.39075,-51.05486,"corn",13,0.73,"Fusarium graminearum","15-ADON",632
"130",40,2010,"Lagoa Vermelha","RS",-28.33378,-51.30022,"corn",11.5,0.74,"Fusarium graminearum","15-ADON",309
"131",40,2010,"Lagoa Vermelha","RS",-28.33378,-51.30022,"corn",11.5,0.74,"Fusarium graminearum","15-ADON",310
"132",40,2010,"Lagoa Vermelha","RS",-28.32164,-51.23739,"corn",11.5,0.74,"Fusarium graminearum","15-ADON",311
"133",40,2010,"Lagoa Vermelha","RS",-28.32164,-51.23739,"corn",11.5,0.74,"Fusarium graminearum","15-ADON",312
"134",40,2010,"Lagoa Vermelha","RS",-28.32164,-51.23739,"corn",11.5,0.74,"Fusarium graminearum","15-ADON",313
"135",15,2011,"Panambi","RS",-28.39694,-51.15861,"soybean",6,0.74,"Fcor","NIV",425
"136",15,2011,"Panambi","RS",-28.068,-53.3935,"soybean",6,0.74,"Fusarium graminearum","15-ADON",426
"137",15,2011,"Panambi","RS",-28.26447,-53.48119,"soybean",6,0.74,"Fusarium graminearum","15-ADON",427
"138",12,2011,"Panambi","RS",-28.34644,-53.53064,"soybean",13.5,0.75,"Fusarium graminearum","15-ADON",422
"139",12,2011,"Panambi","RS",-28.38889,-53.25869,"soybean",13.5,0.75,"Fusarium graminearum","15-ADON",423
"140",12,2011,"Panambi","RS",-28.38889,-53.25869,"soybean",13.5,0.75,"Fusarium graminearum","15-ADON",424
"141",14,2011,"Palmeira das Missoes","RS",-28.34125,-53.50169,"soybean",5.5,0.76,"Fusarium graminearum","15-ADON",390
"142",25,2009,"Sagrada Familia","RS",-28.377,-52.519,"corn",16,0.82,"Fusarium graminearum","15-ADON",521
"143",25,2009,"Sagrada Familia","RS",-28.381,-53.306,"corn",16,0.82,"Fusarium graminearum","15-ADON",522
"144",25,2009,"Sagrada Familia","RS",-28.341,-53.501,"corn",16,0.82,"Fusarium graminearum","15-ADON",523
"145",25,2009,"Sagrada Familia","RS",-28.39,-54.6,"corn",16,0.82,"Fusarium graminearum","15-ADON",524
"146",51,2011,"Tapejara","RS",-28.11081,-51.72869,"soybean",9.5,0.85,"Fusarium graminearum","15-ADON",606
"147",39,2010,"Lagoa Vermelha","RS",-28.17861,-51.64911,"soybean",25.5,0.9,"Fcor","3-ADON",304
"148",39,2010,"Lagoa Vermelha","RS",-28.27044,-51.92267,"soybean",25.5,0.9,"Fcor","NIV",305
"149",39,2010,"Lagoa Vermelha","RS",-27.97308,-51.78419,"soybean",25.5,0.9,"Fcor","NIV",306
"150",39,2010,"Lagoa Vermelha","RS",-28.33378,-51.30022,"soybean",25.5,0.9,"Fusarium graminearum","15-ADON",307
"151",39,2010,"Lagoa Vermelha","RS",-28.33378,-51.30022,"soybean",25.5,0.9,"Fusarium graminearum","15-ADON",308
"152",47,2009,"Ijui","RS",-28.327,-51.271,"corn",21.5,0.93,"Fusarium graminearum","15-ADON",268
"153",47,2009,"Ijui","RS",-28.587,-52.627,"corn",21.5,0.93,"Fusarium graminearum","15-ADON",269
"154",50,2009,"Vacaria","RS",-28.67142,-51.13514,"corn",14,0.93,"Fcor","NIV",652
"155",50,2009,"Vacaria","RS",-28.30103,-51.46317,"corn",14,0.93,"Fcor","NIV",653
"156",50,2009,"Vacaria","RS",-28.37,-51.092,"corn",14,0.93,"Fusarium graminearum","15-ADON",654
"157",50,2009,"Vacaria","RS",-28.37,-51.092,"corn",14,0.93,"Fusarium graminearum","15-ADON",655
"158",50,2009,"Vacaria","RS",-28.37,-51.092,"corn",14,0.93,"Fusarium graminearum","15-ADON",656
"159",50,2009,"Vacaria","RS",-28.37,-51.092,"corn",14,0.93,"Fusarium graminearum","15-ADON",657
"160",50,2009,"Vacaria","RS",-28.37,-51.092,"corn",14,0.93,"Fusarium graminearum","15-ADON",658
"161",50,2009,"Vacaria","RS",-28.285,-52.704,"corn",14,0.93,"Fusarium graminearum","15-ADON",659
"162",50,2009,"Vacaria","RS",-28.319,-52.834,"corn",14,0.93,"Fusarium graminearum","15-ADON",660
"163",50,2009,"Vacaria","RS",-28.319,-52.834,"corn",14,0.93,"Fusarium graminearum","15-ADON",661
"164",31,2011,"Sertao","RS",-28.06872,-51.99578,"soybean",29.5,0.97,"Fusarium graminearum","15-ADON",576
"165",31,2011,"Sertao","RS",-28.11081,-51.72869,"soybean",29.5,0.97,"Fusarium graminearum","15-ADON",577
"166",31,2011,"Sertao","RS",-28.20564,-53.47161,"soybean",29.5,0.97,"Fmer","NIV",578
"167",27,2010,"Mato Castelhano","RS",-28.04308,-52.27006,"corn",50,1.06,"Fcor","NIV",370
"168",27,2010,"Mato Castelhano","RS",-28.2113,-52.35542,"corn",50,1.06,"Fusarium graminearum","15-ADON",371
"169",27,2010,"Mato Castelhano","RS",-28.21131,-52.35542,"corn",50,1.06,"Fusarium graminearum","15-ADON",372
"170",27,2010,"Mato Castelhano","RS",-28.21131,-52.35542,"corn",50,1.06,"Fusarium graminearum","15-ADON",373
"171",27,2010,"Mato Castelhano","RS",-28.08597,-52.02053,"corn",50,1.06,"Fmer","NIV",374
"172",33,2010,"Lagoa Vermelha","RS",-28.17861,-51.64911,"corn",41.5,1.08,"Fusarium graminearum","15-ADON",294
"173",33,2010,"Lagoa Vermelha","RS",-28.17861,-51.64911,"corn",41.5,1.08,"Fusarium graminearum","15-ADON",295
"174",33,2010,"Lagoa Vermelha","RS",-28.17861,-51.64911,"corn",41.5,1.08,"Fusarium graminearum","15-ADON",296
"175",33,2010,"Lagoa Vermelha","RS",-28.22347,-51.50097,"corn",41.5,1.08,"Fusarium graminearum","15-ADON",297
"176",33,2010,"Lagoa Vermelha","RS",-28.22347,-51.50097,"corn",41.5,1.08,"Fusarium graminearum","15-ADON",298
"177",33,2010,"Lagoa Vermelha","RS",-28.22347,-51.50097,"corn",41.5,1.08,"Fusarium graminearum","15-ADON",299
"178",17,2010,"Erechim","RS",-28.14261,-51.69828,"soybean",26,1.1,"Fcor","NIV",215
"179",17,2010,"Erechim","RS",-27.70072,-52.28536,"soybean",26,1.1,"Fusarium graminearum","15-ADON",216
"180",17,2010,"Erechim","RS",-27.91617,-52.23206,"soybean",26,1.1,"Fusarium graminearum","15-ADON",217
"181",17,2010,"Erechim","RS",-27.91617,-52.23206,"soybean",26,1.1,"Fusarium graminearum","15-ADON",218
"182",17,2010,"Erechim","RS",-27.91617,-52.23206,"soybean",26,1.1,"Fusarium graminearum","15-ADON",219
"183",1,2011,"Ijui","RS",-28.36456,-53.79106,"soybean",37,1.16,"Fusarium graminearum","15-ADON",243
"184",1,2011,"Ijui","RS",-28.37986,-52.78922,"soybean",37,1.16,"Fmer","NIV",244
"185",1,2011,"Ijui","RS",-28.068,-53.3935,"soybean",37,1.16,"Fmer","NIV",245
"186",26,2009,"Carazinho","RS",-28.147,-52.301,"corn",21.11,1.19,"Fusarium graminearum","15-ADON",114
"187",26,2009,"Carazinho","RS",-28.147,-52.301,"corn",21.11,1.19,"Fusarium graminearum","15-ADON",115
"188",26,2009,"Carazinho","RS",-28.147,-52.301,"corn",21.11,1.19,"Fusarium graminearum","15-ADON",116
"189",3,2009,"Santa Barbara do Sul","RS",-28.39,-54.6,"soybean",30,1.19,"Fusarium graminearum","15-ADON",540
"190",28,2009,"Nao-me-Toque","RS",-28.245,-52.572,"soybean",24.34,1.24,"Fusarium graminearum","15-ADON",386
"191",6,2009,"Panambi","RS",-28.266,-51.919,"soybean",36.5,1.26,"Fusarium graminearum","15-ADON",418
"192",43,2009,"Carazinho","RS",-28.26,-51.701,"soybean",24,1.27,"Fusarium graminearum","15-ADON",122
"193",43,2009,"Carazinho","RS",-28.26,-51.701,"soybean",24,1.27,"Fusarium graminearum","15-ADON",123
"194",43,2009,"Carazinho","RS",-28.26,-51.701,"soybean",24,1.27,"Fusarium graminearum","15-ADON",124
"195",43,2009,"Carazinho","RS",-28.26,-51.701,"soybean",24,1.27,"Fusarium graminearum","15-ADON",125
"196",8,2011,"Ijui","RS",-28.40275,-53.95239,"soybean",8.5,1.29,"Fasi","NIV",263
"197",8,2011,"Ijui","RS",-28.37331,-53.83989,"soybean",8.5,1.29,"Fasi","NIV",264
"198",8,2011,"Ijui","RS",-28.36456,-53.79106,"soybean",8.5,1.29,"Fusarium graminearum","15-ADON",265
"199",8,2011,"Ijui","RS",-28.38306,-54.03853,"soybean",8.5,1.29,"Fusarium graminearum","15-ADON",266
"200",8,2011,"Ijui","RS",-28.52192,-53.79314,"soybean",8.5,1.29,"Fusarium graminearum","15-ADON",267
"201",36,2011,"Agua Santa","RS",-28.37067,-52.98822,"soybean",40.5,1.31,"Fusarium graminearum","15-ADON",10
"202",29,2010,"Soledade","RS",-28.82419,-52.47372,"soybean",31,1.42,"Fusarium graminearum","15-ADON",580
"203",29,2010,"Soledade","RS",-28.82419,-52.47372,"soybean",31,1.42,"Fusarium graminearum","15-ADON",581
"204",29,2010,"Soledade","RS",-28.077,-52.058,"soybean",31,1.42,"Fusarium graminearum","15-ADON",582
"205",29,2010,"Soledade","RS",-28.077,-52.058,"soybean",31,1.42,"Fusarium graminearum","15-ADON",583
"206",29,2010,"Soledade","RS",-28.077,-52.058,"soybean",31,1.42,"Fusarium graminearum","15-ADON",584
"207",14,2010,"Sertao","RS",-27.97553,-52.22631,"soybean",28.5,1.43,"Fusarium graminearum","15-ADON",571
"208",14,2010,"Sertao","RS",-27.97553,-52.22631,"soybean",28.5,1.43,"Fusarium graminearum","15-ADON",572
"209",14,2010,"Sertao","RS",-28.82419,-52.47372,"soybean",28.5,1.43,"Fusarium graminearum","15-ADON",573
"210",14,2010,"Sertao","RS",-28.82419,-52.47372,"soybean",28.5,1.43,"Fusarium graminearum","15-ADON",574
"211",14,2010,"Sertao","RS",-28.82419,-52.47372,"soybean",28.5,1.43,"Fusarium graminearum","15-ADON",575
"212",20,2011,"Carazinho","RS",-28.40244,-53.07792,"soybean",28.5,1.43,"Fusarium graminearum","15-ADON",113
"213",46,2011,"Tapejara","RS",-28.62231,-52.74708,"soybean",8,1.43,"Fusarium graminearum","15-ADON",603
"214",46,2011,"Tapejara","RS",-28.53642,-52.57522,"soybean",8,1.43,"Fusarium graminearum","15-ADON",604
"215",46,2011,"Tapejara","RS",-28.53642,-52.57522,"soybean",8,1.43,"Fusarium graminearum","15-ADON",605
"216",49,2009,"Entre-Ijuis","RS",-28.344,-51.147,"corn",26.5,1.46,"Fusarium graminearum","15-ADON",207
"217",49,2009,"Entre-Ijuis","RS",-28.358,-54.21,"corn",26.5,1.46,"Fusarium graminearum","15-ADON",208
"218",49,2009,"Entre-Ijuis","RS",-28.358,-54.21,"corn",26.5,1.46,"Fusarium graminearum","15-ADON",209
"219",49,2009,"Entre-Ijuis","RS",-28.39,-53.982,"corn",26.5,1.46,"Fusarium graminearum","15-ADON",210
"220",51,2009,"Sao Miguel das Missoes","RS",-28.39,-54.6,"soybean",21.5,1.49,"Fusarium graminearum","15-ADON",550
"221",51,2009,"Sao Miguel das Missoes","RS",-28.39,-54.6,"soybean",21.5,1.49,"Fusarium graminearum","15-ADON",551
"222",51,2009,"Sao Miguel das Missoes","RS",-28.375,-54.1,"soybean",21.5,1.49,"Fusarium graminearum","15-ADON",552
"223",51,2009,"Sao Miguel das Missoes","RS",-28.375,-54.1,"soybean",21.5,1.49,"Fusarium graminearum","15-ADON",553
"224",51,2009,"Sao Miguel das Missoes","RS",-28.424,-53.926,"soybean",21.5,1.49,"Fusarium graminearum","15-ADON",554
"225",51,2009,"Sao Miguel das Missoes","RS",-28.28964,-51.97308,"soybean",21.5,1.49,"Fmer","NIV",555
"226",38,2011,"Mato Castelhano","RS",-28.64086,-52.85092,"soybean",14.5,1.54,"Fusarium graminearum","15-ADON",375
"227",11,2009,"Pejucara","RS",-27.926,-53.317,"soybean",24.5,1.57,"Fusarium graminearum","15-ADON",463
"228",11,2009,"Pejucara","RS",-28.377,-52.519,"soybean",24.5,1.57,"Fusarium graminearum","15-ADON",464
"229",11,2009,"Pejucara","RS",-28.377,-52.519,"soybean",24.5,1.57,"Fusarium graminearum","15-ADON",465
"230",11,2009,"Pejucara","RS",-28.377,-52.519,"soybean",24.5,1.57,"Fusarium graminearum","15-ADON",466
"231",15,2010,"Estacao","RS",-27.91617,-52.23206,"soybean",42,1.63,"Fusarium graminearum","15-ADON",227
"232",15,2010,"Estacao","RS",-27.91617,-52.23206,"soybean",42,1.63,"Fusarium graminearum","15-ADON",228
"233",15,2010,"Estacao","RS",-28.14261,-51.69828,"soybean",42,1.63,"Fusarium graminearum","15-ADON",229
"234",15,2010,"Estacao","RS",-28.14261,-51.69828,"soybean",42,1.63,"Fusarium graminearum","15-ADON",230
"235",15,2010,"Estacao","RS",-28.17861,-51.64911,"soybean",42,1.63,"Fmer","15-ADON",231
"236",32,2011,"Sertao","RS",-28.11081,-51.72869,"corn",31,1.64,"Fusarium graminearum","15-ADON",579
"237",32,2010,"Caseiros","RS",-28.32164,-51.23739,"corn",20,1.67,"Faus","3-ADON",139
"238",32,2010,"Caseiros","RS",-28.17275,-52.31744,"corn",20,1.67,"Fusarium graminearum","15-ADON",140
"239",32,2010,"Caseiros","RS",-28.17275,-52.31744,"corn",20,1.67,"Fusarium graminearum","15-ADON",141
"240",32,2010,"Caseiros","RS",-28.14261,-51.69828,"corn",20,1.67,"Fmer","NIV",142
"241",32,2010,"Caseiros","RS",-28.14261,-51.69828,"corn",20,1.67,"Fmer","NIV",143
"242",17,2009,"Palmeira das Missoes","RS",-27.807,-53.419,"soybean",41.5,1.78,"Fusarium graminearum","15-ADON",395
"243",17,2009,"Palmeira das Missoes","RS",-27.761,-53.496,"soybean",41.5,1.78,"Fusarium graminearum","15-ADON",396
"244",17,2009,"Palmeira das Missoes","RS",-27.761,-53.496,"soybean",41.5,1.78,"Fusarium graminearum","15-ADON",397
"245",17,2009,"Palmeira das Missoes","RS",-27.761,-53.496,"soybean",41.5,1.78,"Fusarium graminearum","15-ADON",398
"246",28,2011,"Carazinho","RS",-28.20564,-53.47161,"soybean",28.5,1.94,"Fusarium graminearum","15-ADON",117
"247",28,2011,"Carazinho","RS",-28.40275,-53.95239,"soybean",28.5,1.94,"Fusarium graminearum","15-ADON",118
"248",30,2009,"Victor Graeff","RS",-28.319,-52.834,"corn",25,1.99,"Fusarium graminearum","15-ADON",668
"249",25,2011,"Tapera","RS",-28.53642,-52.57522,"soybean",25.5,2.02,"Fusarium graminearum","15-ADON",607
"250",25,2011,"Tapera","RS",-28.37353,-54.12308,"soybean",25.5,2.02,"Fmer","NIV",608
"251",22,2010,"Tapejara","RS",-28.08597,-52.02053,"soybean",25,2.05,"Fusarium graminearum","15-ADON",598
"252",22,2010,"Tapejara","RS",-28.35564,-51.11736,"soybean",25,2.05,"Fusarium graminearum","15-ADON",599
"253",22,2010,"Tapejara","RS",-28.35564,-51.11736,"soybean",25,2.05,"Fusarium graminearum","15-ADON",600
"254",22,2010,"Tapejara","RS",-28.35564,-51.11736,"soybean",25,2.05,"Fusarium graminearum","15-ADON",601
"255",22,2010,"Tapejara","RS",-28.60075,-51.03706,"soybean",25,2.05,"Fmer","NIV",602
"256",43,2010,"Vacaria","RS",-28.39075,-51.05486,"corn",30.5,2.09,"Fusarium graminearum","15-ADON",633
"257",43,2010,"Vacaria","RS",-28.39075,-51.05486,"corn",30.5,2.09,"Fusarium graminearum","15-ADON",634
"258",43,2010,"Vacaria","RS",-28.39075,-51.05486,"corn",30.5,2.09,"Fusarium graminearum","15-ADON",635
"259",43,2010,"Vacaria","RS",-28.42153,-51.03992,"corn",30.5,2.09,"Fusarium graminearum","15-ADON",636
"260",43,2010,"Vacaria","RS",-28.42153,-51.03992,"corn",30.5,2.09,"Fusarium graminearum","15-ADON",637
"261",43,2010,"Vacaria","RS",-28.42153,-51.03992,"corn",30.5,2.09,"Fusarium graminearum","15-ADON",638
"262",31,2010,"Caseiros","RS",-28.24789,-51.78397,"soybean",24.5,2.11,"Fusarium graminearum","15-ADON",134
"263",31,2010,"Caseiros","RS",-28.24789,-51.78397,"soybean",24.5,2.11,"Fusarium graminearum","15-ADON",135
"264",31,2010,"Caseiros","RS",-28.26644,-51.66858,"soybean",24.5,2.11,"Fusarium graminearum","15-ADON",136
"265",31,2010,"Caseiros","RS",-28.26644,-51.66858,"soybean",24.5,2.11,"Fusarium graminearum","15-ADON",137
"266",31,2010,"Caseiros","RS",-28.17275,-52.31744,"soybean",24.5,2.11,"Fusarium graminearum","15-ADON",138
"267",5,2009,"Panambi","RS",-28.39,-54.6,"soybean",35,2.12,"Fcor","NIV",413
"268",5,2009,"Panambi","RS",-28.825,-53.613,"soybean",35,2.12,"Fusarium graminearum","15-ADON",414
"269",5,2009,"Panambi","RS",-28.6,-53.574,"soybean",35,2.12,"Fusarium graminearum","15-ADON",415
"270",5,2009,"Panambi","RS",-28.301,-52.016,"soybean",35,2.12,"Fusarium graminearum","15-ADON",416
"271",5,2009,"Panambi","RS",-28.301,-52.016,"soybean",35,2.12,"Fusarium graminearum","15-ADON",417
"272",47,2010,"Vacaria","RS",-28.35564,-51.11736,"corn",31,2.17,"Fusarium graminearum","15-ADON",649
"273",47,2010,"Vacaria","RS",-28.35564,-51.11736,"corn",31,2.17,"Fusarium graminearum","15-ADON",650
"274",47,2010,"Vacaria","RS",-28.35564,-51.11736,"corn",31,2.17,"Fusarium graminearum","15-ADON",651
"275",23,2009,"Lageado do Bugre","RS",-28.491,-52.561,"soybean",25.5,2.22,"Fusarium graminearum","15-ADON",290
"276",23,2009,"Lageado do Bugre","RS",-28.137,-52.207,"soybean",25.5,2.22,"Fusarium graminearum","15-ADON",291
"277",12,2009,"Condor","RS",-27.764,-53.32,"corn",44,2.24,"Fusarium graminearum","15-ADON",145
"278",12,2009,"Condor","RS",-27.764,-53.32,"corn",44,2.24,"Fusarium graminearum","15-ADON",146
"279",11,2011,"Panambi","RS",-28.068,-53.3935,"soybean",9.5,2.34,"Fusarium graminearum","15-ADON",419
"280",11,2011,"Panambi","RS",-28.26447,-53.48119,"soybean",9.5,2.34,"Fusarium graminearum","15-ADON",420
"281",11,2011,"Panambi","RS",-28.26447,-53.48119,"soybean",9.5,2.34,"Fusarium graminearum","15-ADON",421
"282",21,2010,"Tapejara","RS",-28.13561,-52.10883,"corn",46.5,2.37,"Fusarium graminearum","15-ADON",594
"283",21,2010,"Tapejara","RS",-28.08597,-52.02053,"corn",46.5,2.37,"Fusarium graminearum","15-ADON",595
"284",21,2010,"Tapejara","RS",-28.08597,-52.02053,"corn",46.5,2.37,"Fusarium graminearum","15-ADON",596
"285",21,2010,"Tapejara","RS",-28.08597,-52.02053,"corn",46.5,2.37,"Fusarium graminearum","15-ADON",597
"286",21,2009,"Boa Vista das Missoes","RS",-28.53,-52.763,"corn",25.13,2.5,"Fusarium graminearum","15-ADON",34
"287",21,2009,"Boa Vista das Missoes","RS",-28.53,-52.763,"corn",25.13,2.5,"Fusarium graminearum","15-ADON",35
"288",21,2009,"Boa Vista das Missoes","RS",-28.53,-52.763,"corn",25.13,2.5,"Fusarium graminearum","15-ADON",36
"289",7,2009,"Cruz Alta","RS",-28.171,-53.472,"soybean",31.5,2.53,"Fusarium graminearum","15-ADON",196
"290",7,2009,"Cruz Alta","RS",-28.119,-53.433,"soybean",31.5,2.53,"Fusarium graminearum","15-ADON",197
"291",7,2009,"Cruz Alta","RS",-28.119,-53.433,"soybean",31.5,2.53,"Fusarium graminearum","15-ADON",198
"292",27,2011,"Nao-me-Toque","RS",-28.13417,-53.44453,"soybean",36.5,2.57,"Fusarium graminearum","15-ADON",385
"293",35,2009,"Ernestina","RS",-28.39,-53.982,"soybean",19.74,2.64,"Fusarium graminearum","15-ADON",221
"294",35,2009,"Ernestina","RS",-28.39,-53.982,"soybean",19.74,2.64,"Fusarium graminearum","15-ADON",222
"295",34,2009,"Ernestina","RS",-28.381,-53.306,"soybean",27.22,2.65,"Fmer","NIV",220
"296",35,2010,"Sananduva","RS",-28.08892,-51.74372,"soybean",39,2.82,"Fusarium graminearum","15-ADON",525
"297",35,2010,"Sananduva","RS",-28.08892,-51.74372,"soybean",39,2.82,"Fusarium graminearum","15-ADON",526
"298",35,2010,"Sananduva","RS",-27.97308,-51.78419,"soybean",39,2.82,"Fusarium graminearum","15-ADON",527
"299",35,2010,"Sananduva","RS",-27.97308,-51.78419,"soybean",39,2.82,"Fusarium graminearum","15-ADON",528
"300",35,2010,"Sananduva","RS",-27.97308,-51.78419,"soybean",39,2.82,"Fusarium graminearum","15-ADON",529
"301",1,2009,"Santa Barbara do Sul","RS",-28.39,-54.6,"corn",52,2.98,"Fusarium graminearum","15-ADON",537
"302",1,2009,"Santa Barbara do Sul","RS",-28.37,-51.092,"corn",52,2.98,"Fmer","NIV",538
"303",12,2010,"Sertao","RS",-28.04308,-52.27006,"corn",57.5,3.03,"Fusarium graminearum","15-ADON",563
"304",12,2010,"Sertao","RS",-28.02719,-52.23219,"corn",57.5,3.03,"Fusarium graminearum","15-ADON",564
"305",12,2010,"Sertao","RS",-28.02719,-52.23219,"corn",57.5,3.03,"Fusarium graminearum","15-ADON",565
"306",12,2010,"Sertao","RS",-28.02719,-52.23219,"corn",57.5,3.03,"Fusarium graminearum","15-ADON",566
"307",12,2010,"Sertao","RS",-28.60075,-51.03706,"corn",57.5,3.03,"Fmer","NIV",567
"308",10,2009,"Cruz Alta","RS",-28.344,-51.147,"soybean",43,3.2,"Fusarium graminearum","15-ADON",204
"309",10,2009,"Cruz Alta","RS",-28.344,-51.147,"soybean",43,3.2,"Fusarium graminearum","15-ADON",205
"310",10,2009,"Cruz Alta","RS",-28.344,-51.147,"soybean",43,3.2,"Fusarium graminearum","15-ADON",206
"311",9,2009,"Cruz Alta","RS",-28.119,-53.433,"soybean",56,3.22,"Fusarium graminearum","15-ADON",200
"312",9,2009,"Cruz Alta","RS",-28.027,-53.357,"soybean",56,3.22,"Fusarium graminearum","15-ADON",201
"313",9,2009,"Cruz Alta","RS",-28.027,-53.357,"soybean",56,3.22,"Fusarium graminearum","15-ADON",202
"314",9,2009,"Cruz Alta","RS",-28.027,-53.357,"soybean",56,3.22,"Fusarium graminearum","15-ADON",203
"315",4,2009,"Panambi","RS",-28.825,-53.613,"soybean",42,3.25,"Fusarium graminearum","15-ADON",411
"316",4,2009,"Panambi","RS",-28.825,-53.613,"soybean",42,3.25,"Fusarium graminearum","15-ADON",412
"317",30,2010,"Caseiros","RS",-28.24789,-51.78397,"corn",37,3.27,"Fusarium graminearum","15-ADON",131
"318",30,2010,"Caseiros","RS",-28.24789,-51.78397,"corn",37,3.27,"Fusarium graminearum","15-ADON",132
"319",30,2010,"Caseiros","RS",-27.70072,-52.28536,"corn",37,3.27,"Fmer","NIV",133
"320",24,2010,"Passo Fundo","RS",-28.30069,-52.14589,"soybean",52.78,3.31,"Fusarium graminearum","15-ADON",440
"321",24,2010,"Passo Fundo","RS",-28.30069,-52.14589,"soybean",52.78,3.31,"Fusarium graminearum","15-ADON",441
"322",24,2010,"Passo Fundo","RS",-28.31336,-52.4735,"soybean",52.78,3.31,"Fusarium graminearum","15-ADON",442
"323",24,2010,"Passo Fundo","RS",-28.31336,-52.4735,"soybean",52.78,3.31,"Fusarium graminearum","15-ADON",443
"324",24,2010,"Passo Fundo","RS",-28.31336,-52.4735,"soybean",52.78,3.31,"Fusarium graminearum","15-ADON",444
"325",23,2010,"Passo Fundo","RS",-28.30069,-52.14589,"soybean",55.28,3.36,"Fusarium graminearum","15-ADON",437
"326",23,2010,"Passo Fundo","RS",-28.30069,-52.14589,"soybean",55.28,3.36,"Fusarium graminearum","15-ADON",438
"327",23,2010,"Passo Fundo","RS",-28.30069,-52.14589,"soybean",55.28,3.36,"Fusarium graminearum","15-ADON",439
"328",45,2009,"Coronel Barros","RS",-28.218,-51.509,"soybean",29.5,3.66,"Fusarium graminearum","15-ADON",164
"329",45,2009,"Coronel Barros","RS",-28.218,-51.509,"soybean",29.5,3.66,"Fusarium graminearum","15-ADON",165
"330",45,2009,"Coronel Barros","RS",-28.218,-51.509,"soybean",29.5,3.66,"Fusarium graminearum","15-ADON",166
"331",26,2010,"Agua Santa","RS",-28.72158,-51.24422,"corn",34,3.73,"Fusarium graminearum","15-ADON",6
"332",26,2010,"Agua Santa","RS",-28.72158,-51.24422,"corn",34,3.73,"Fusarium graminearum","15-ADON",7
"333",26,2010,"Agua Santa","RS",-28.72158,-51.24422,"corn",34,3.73,"Fusarium graminearum","15-ADON",8
"334",26,2010,"Agua Santa","RS",-28.30103,-51.46317,"corn",34,3.73,"Fmer","NIV",9
"335",2,2009,"Santa Barbara do Sul","RS",-28.37,-51.092,"soybean",53.5,3.91,"Fmer","NIV",539
"336",18,2010,"Coxilha","RS",-28.13178,-52.26639,"soybean",65.5,3.95,"Fusarium graminearum","15-ADON",178
"337",18,2010,"Coxilha","RS",-28.13178,-52.26639,"soybean",65.5,3.95,"Fusarium graminearum","15-ADON",179
"338",18,2010,"Coxilha","RS",-28.13794,-52.21681,"soybean",65.5,3.95,"Fusarium graminearum","15-ADON",180
"339",18,2010,"Coxilha","RS",-28.13794,-52.21681,"soybean",65.5,3.95,"Fusarium graminearum","15-ADON",181
"340",18,2010,"Coxilha","RS",-28.13794,-52.21681,"soybean",65.5,3.95,"Fusarium graminearum","15-ADON",182
"341",20,2009,"Palmeira das Missoes","RS",-28.566,-53.562,"corn",52.53,4.05,"Fusarium graminearum","15-ADON",407
"342",20,2009,"Palmeira das Missoes","RS",-28.566,-53.562,"corn",52.53,4.05,"Fusarium graminearum","15-ADON",408
"343",20,2009,"Palmeira das Missoes","RS",-28.825,-53.613,"corn",52.53,4.05,"Fusarium graminearum","15-ADON",409
"344",20,2009,"Palmeira das Missoes","RS",-28.366,-53.421,"corn",52.53,4.05,"Fmer","NIV",410
"345",13,2010,"Sertao","RS",-27.97553,-52.22631,"corn",56.5,4.11,"Fusarium graminearum","15-ADON",568
"346",13,2010,"Sertao","RS",-27.97553,-52.22631,"corn",56.5,4.11,"Fusarium graminearum","15-ADON",569
"347",13,2010,"Sertao","RS",-27.97553,-52.22631,"corn",56.5,4.11,"Fusarium graminearum","15-ADON",570
"348",16,2010,"Erechim","RS",-27.78344,-52.26544,"soybean",39,4.23,"Fusarium graminearum","15-ADON",211
"349",16,2010,"Erechim","RS",-27.70072,-52.28536,"soybean",39,4.23,"Fusarium graminearum","15-ADON",212
"350",16,2010,"Erechim","RS",-27.70072,-52.28536,"soybean",39,4.23,"Fusarium graminearum","15-ADON",213
"351",16,2010,"Erechim","RS",-27.70072,-52.28536,"soybean",39,4.23,"Fusarium graminearum","15-ADON",214
"352",19,2009,"Palmeira das Missoes","RS",-28.359,-52.774,"soybean",53.85,4.43,"Fusarium graminearum","15-ADON",403
"353",19,2009,"Palmeira das Missoes","RS",-28.443,-52.81,"soybean",53.85,4.43,"Fusarium graminearum","15-ADON",404
"354",19,2009,"Palmeira das Missoes","RS",-28.443,-52.81,"soybean",53.85,4.43,"Fusarium graminearum","15-ADON",405
"355",19,2009,"Palmeira das Missoes","RS",-28.443,-52.81,"soybean",53.85,4.43,"Fusarium graminearum","15-ADON",406
"356",16,2009,"Palmeira das Missoes","RS",-27.807,-53.419,"corn",52.5,4.53,"Fusarium graminearum","15-ADON",394
"357",8,2009,"Cruz Alta","RS",-28.119,-53.433,"soybean",50.5,4.83,"Fusarium graminearum","15-ADON",199
"358",31,2009,"Victor Graeff","RS",-28.30617,-52.08281,"corn",44,4.89,"Fusarium graminearum","15-ADON",669
"359",31,2009,"Victor Graeff","RS",-28.30617,-52.08281,"corn",44,4.89,"Fusarium graminearum","15-ADON",670
"360",31,2009,"Victor Graeff","RS",-28.30617,-52.08281,"corn",44,4.89,"Fusarium graminearum","15-ADON",671
"361",20,2010,"Tapejara","RS",-28.14967,-52.12636,"corn",44,4.89,"Fusarium graminearum","15-ADON",590
"362",20,2010,"Tapejara","RS",-28.13561,-52.10883,"corn",44,4.89,"Fusarium graminearum","15-ADON",591
"363",20,2010,"Tapejara","RS",-28.13561,-52.10883,"corn",44,4.89,"Fusarium graminearum","15-ADON",592
"364",20,2010,"Tapejara","RS",-28.13561,-52.10883,"corn",44,4.89,"Fusarium graminearum","15-ADON",593
"365",11,2010,"Coxilha","RS",-28.10436,-52.27589,"soybean",44.5,4.99,"Fusarium graminearum","15-ADON",173
"366",11,2010,"Coxilha","RS",-28.10436,-52.27589,"soybean",44.5,4.99,"Fusarium graminearum","15-ADON",174
"367",11,2010,"Coxilha","RS",-28.13178,-52.26639,"soybean",44.5,4.99,"Fusarium graminearum","15-ADON",175
"368",11,2010,"Coxilha","RS",-28.13178,-52.26639,"soybean",44.5,4.99,"Fusarium graminearum","15-ADON",176
"369",11,2010,"Coxilha","RS",-28.13178,-52.26639,"soybean",44.5,4.99,"Fusarium graminearum","15-ADON",177
"370",29,2011,"Marau","RS",-28.64086,-52.85092,"soybean",59.5,5.04,"Fusarium graminearum","15-ADON",346
"371",29,2011,"Marau","RS",-28.64086,-52.85092,"soybean",59.5,5.04,"Fusarium graminearum","15-ADON",347
"372",29,2011,"Marau","RS",-28.62231,-52.74708,"soybean",59.5,5.04,"Fmer","NIV",348
"373",24,2009,"Lageado do Bugre","RS",-28.137,-52.207,"soybean",71,5.22,"Fusarium graminearum","15-ADON",292
"374",24,2009,"Lageado do Bugre","RS",-28.137,-52.207,"soybean",71,5.22,"Fusarium graminearum","15-ADON",293
"375",5,2010,"Carazinho","RS",-28.33483,-52.88072,"soybean",26,6.1,"Fusarium graminearum","15-ADON",96
"376",5,2010,"Carazinho","RS",-28.33483,-52.88072,"soybean",26,6.1,"Fusarium graminearum","15-ADON",97
"377",5,2010,"Carazinho","RS",-28.33483,-52.88072,"soybean",26,6.1,"Fusarium graminearum","15-ADON",98
"378",5,2010,"Carazinho","RS",-28.42153,-51.03992,"soybean",26,6.1,"Fusarium graminearum","15-ADON",99
"379",18,2009,"Palmeira das Missoes","RS",-27.761,-53.496,"soybean",56.5,6.2,"Fusarium graminearum","15-ADON",399
"380",18,2009,"Palmeira das Missoes","RS",-28.359,-52.774,"soybean",56.5,6.2,"Fusarium graminearum","15-ADON",400
"381",18,2009,"Palmeira das Missoes","RS",-28.359,-52.774,"soybean",56.5,6.2,"Fusarium graminearum","15-ADON",401
"382",18,2009,"Palmeira das Missoes","RS",-28.359,-52.774,"soybean",56.5,6.2,"Fusarium graminearum","15-ADON",402
"383",19,2010,"Coxilha","RS",-27.78344,-52.26544,"soybean",65,6.22,"Fusarium graminearum","15-ADON",183
"384",19,2010,"Coxilha","RS",-27.78344,-52.26544,"soybean",65,6.22,"Fusarium graminearum","15-ADON",184
"385",19,2010,"Coxilha","RS",-27.78344,-52.26544,"soybean",65,6.22,"Fusarium graminearum","15-ADON",185
"386",14,2009,"Condor","RS",-27.722,-53.239,"soybean",55,6.24,"Fusarium graminearum","15-ADON",152
"387",14,2009,"Condor","RS",-27.722,-53.239,"soybean",55,6.24,"Fusarium graminearum","15-ADON",153
"388",36,2009,"Ernestina","RS",-28.39,-53.982,"soybean",23.5,6.34,"Fusarium graminearum","15-ADON",223
"389",36,2009,"Ernestina","RS",-28.293,-51.409,"soybean",23.5,6.34,"Fusarium graminearum","15-ADON",224
"390",36,2009,"Ernestina","RS",-28.293,-51.409,"soybean",23.5,6.34,"Fusarium graminearum","15-ADON",225
"391",36,2009,"Ernestina","RS",-28.327,-51.271,"soybean",23.5,6.34,"Fusarium graminearum","15-ADON",226
"392",22,2009,"Boa Vista das Missoes","RS",-28.609,-52.75,"corn",61.81,7.19,"Fusarium graminearum","15-ADON",37
"393",22,2009,"Boa Vista das Missoes","RS",-28.609,-52.75,"corn",61.81,7.19,"Fusarium graminearum","15-ADON",38
"394",22,2009,"Boa Vista das Missoes","RS",-28.609,-52.75,"corn",61.81,7.19,"Fusarium graminearum","15-ADON",39
"395",22,2009,"Boa Vista das Missoes","RS",-28.609,-52.75,"corn",61.81,7.19,"Fusarium graminearum","15-ADON",40
"396",33,2009,"Tio Hugo","RS",-28.37,-51.092,"soybean",60.27,7.36,"Fusarium graminearum","15-ADON",615
"397",33,2009,"Tio Hugo","RS",-28.37,-51.092,"soybean",60.27,7.36,"Fusarium graminearum","15-ADON",616
"398",1,2010,"Passo Fundo","RS",-28.21131,-52.35542,"soybean",63.68,7.62,"Fusarium graminearum","15-ADON",433
"399",1,2010,"Passo Fundo","RS",-28.24625,-52.29503,"soybean",63.68,7.62,"Fusarium graminearum","15-ADON",434
"400",1,2010,"Passo Fundo","RS",-28.24625,-52.29503,"soybean",63.68,7.62,"Fusarium graminearum","15-ADON",435
"401",1,2010,"Passo Fundo","RS",-28.24625,-52.29503,"soybean",63.68,7.62,"Fusarium graminearum","15-ADON",436
"402",32,2009,"Tio Hugo","RS",-28.424,-53.926,"corn",54.58,7.93,"Fusarium graminearum","15-ADON",613
"403",32,2009,"Tio Hugo","RS",-28.37,-51.092,"corn",54.58,7.93,"Fusarium graminearum","15-ADON",614
"404",28,2010,"Passo Fundo","RS",-28.08892,-51.74372,"soybean",45.5,7.94,"Fusarium graminearum","15-ADON",445
"405",28,2010,"Passo Fundo","RS",-28.08892,-51.74372,"soybean",45.5,7.94,"Fusarium graminearum","15-ADON",446
"406",28,2010,"Passo Fundo","RS",-28.08892,-51.74372,"soybean",45.5,7.94,"Fusarium graminearum","15-ADON",447
"407",7,2010,"Carazinho","RS",-28.35044,-52.94756,"soybean",35,8.02,"Fusarium graminearum","15-ADON",105
"408",7,2010,"Carazinho","RS",-28.35044,-52.94756,"soybean",35,8.02,"Fusarium graminearum","15-ADON",106
"409",7,2010,"Carazinho","RS",-28.24944,-51.84692,"soybean",35,8.02,"Fusarium graminearum","15-ADON",107
"410",7,2010,"Carazinho","RS",-28.24944,-51.84692,"soybean",35,8.02,"Fusarium graminearum","15-ADON",108
"411",7,2010,"Carazinho","RS",-28.24789,-51.78397,"soybean",35,8.02,"Fusarium graminearum","15-ADON",109
"412",6,2010,"Carazinho","RS",-28.26644,-51.66858,"soybean",70.71,8.13,"Fasi","NIV",100
"413",6,2010,"Carazinho","RS",-28.33483,-52.88072,"soybean",70.71,8.13,"Fusarium graminearum","15-ADON",101
"414",6,2010,"Carazinho","RS",-28.35044,-52.94756,"soybean",70.71,8.13,"Fusarium graminearum","15-ADON",102
"415",6,2010,"Carazinho","RS",-28.35044,-52.94756,"soybean",70.71,8.13,"Fusarium graminearum","15-ADON",103
"416",6,2010,"Carazinho","RS",-28.35044,-52.94756,"soybean",70.71,8.13,"Fusarium graminearum","15-ADON",104
"417",9,2010,"Tapejara","RS",-28.077,-52.058,"soybean",37.5,8.16,"Fusarium graminearum","15-ADON",585
"418",9,2010,"Tapejara","RS",-28.077,-52.058,"soybean",37.5,8.16,"Fusarium graminearum","15-ADON",586
"419",9,2010,"Tapejara","RS",-28.14967,-52.12636,"soybean",37.5,8.16,"Fusarium graminearum","15-ADON",587
"420",9,2010,"Tapejara","RS",-28.14967,-52.12636,"soybean",37.5,8.16,"Fusarium graminearum","15-ADON",588
"421",9,2010,"Tapejara","RS",-28.14967,-52.12636,"soybean",37.5,8.16,"Fusarium graminearum","15-ADON",589
"422",25,2010,"Agua Santa","RS",-28.30617,-52.08281,"soybean",68.24,9.47,"Fusarium graminearum","15-ADON",1
"423",25,2010,"Agua Santa","RS",-28.30617,-52.08281,"soybean",68.24,9.47,"Fusarium graminearum","15-ADON",2
"424",25,2010,"Agua Santa","RS",-28.28964,-51.97308,"soybean",68.24,9.47,"Fusarium graminearum","15-ADON",3
"425",25,2010,"Agua Santa","RS",-28.28964,-51.97308,"soybean",68.24,9.47,"Fusarium graminearum","15-ADON",4
"426",25,2010,"Agua Santa","RS",-28.28964,-51.97308,"soybean",68.24,9.47,"Fusarium graminearum","15-ADON",5
"427",13,2009,"Condor","RS",-27.642,-53.327,"soybean",70.5,12.81,"Fusarium graminearum","15-ADON",147
"428",13,2009,"Condor","RS",-27.642,-53.327,"soybean",70.5,12.81,"Fusarium graminearum","15-ADON",148
"429",13,2009,"Condor","RS",-27.642,-53.327,"soybean",70.5,12.81,"Fusarium graminearum","15-ADON",149
"430",13,2009,"Condor","RS",-27.642,-53.327,"soybean",70.5,12.81,"Fusarium graminearum","15-ADON",150
"431",10,2010,"Coxilha","RS",-28.17275,-52.31744,"soybean",63.5,13.31,"Fusarium graminearum","15-ADON",168
"432",10,2010,"Coxilha","RS",-28.17275,-52.31744,"soybean",63.5,13.31,"Fusarium graminearum","15-ADON",169
"433",10,2010,"Coxilha","RS",-28.10436,-52.27589,"soybean",63.5,13.31,"Fusarium graminearum","15-ADON",170
"434",10,2010,"Coxilha","RS",-28.10436,-52.27589,"soybean",63.5,13.31,"Fusarium graminearum","15-ADON",171
"435",10,2010,"Coxilha","RS",-28.10436,-52.27589,"soybean",63.5,13.31,"Fusarium graminearum","15-ADON",172
"436",8,2010,"Santa Barbara do Sul","RS",-28.04308,-52.27006,"soybean",52.76,14.1,"Fusarium graminearum","15-ADON",541
"437",8,2010,"Santa Barbara do Sul","RS",-28.04308,-52.27006,"soybean",52.76,14.1,"Fusarium graminearum","15-ADON",542
"438",8,2010,"Santa Barbara do Sul","RS",-28.04308,-52.27006,"soybean",52.76,14.1,"Fusarium graminearum","15-ADON",543
"439",2,2010,"Carazinho","RS",-28.27356,-52.68206,"soybean",72.5,14.27,"Fusarium graminearum","15-ADON",82
"440",2,2010,"Carazinho","RS",-28.31694,-52.75322,"soybean",72.5,14.27,"Fusarium graminearum","15-ADON",83
"441",2,2010,"Carazinho","RS",-28.31694,-52.75322,"soybean",72.5,14.27,"Fusarium graminearum","15-ADON",84
"442",2,2010,"Carazinho","RS",-28.31694,-52.75322,"soybean",72.5,14.27,"Fusarium graminearum","15-ADON",85
"443",4,2010,"Carazinho","RS",-28.31231,-51.36056,"soybean",43.5,17.48,"Fcor","3-ADON",91
"444",4,2010,"Carazinho","RS",-28.31181,-52.80419,"soybean",43.5,17.48,"Fusarium graminearum","15-ADON",92
"445",4,2010,"Carazinho","RS",-28.33603,-52.84528,"soybean",43.5,17.48,"Fusarium graminearum","15-ADON",93
"446",4,2010,"Carazinho","RS",-28.33603,-52.84528,"soybean",43.5,17.48,"Fusarium graminearum","15-ADON",94
"447",4,2010,"Carazinho","RS",-28.33603,-52.84528,"soybean",43.5,17.48,"Fusarium graminearum","15-ADON",95
"448",15,2009,"Palmeira das Missoes","RS",-27.849,-53.365,"corn",89.95,18.51,"Fusarium graminearum","15-ADON",391
"449",15,2009,"Palmeira das Missoes","RS",-27.807,-53.419,"corn",89.95,18.51,"Fusarium graminearum","15-ADON",392
"450",15,2009,"Palmeira das Missoes","RS",-27.807,-53.419,"corn",89.95,18.51,"Fusarium graminearum","15-ADON",393
"451",3,2010,"Carazinho","RS",-28.31694,-52.75322,"soybean",67,18.65,"Fusarium graminearum","15-ADON",86
"452",3,2010,"Carazinho","RS",-28.31694,-52.75322,"soybean",67,18.65,"Fusarium graminearum","15-ADON",87
"453",3,2010,"Carazinho","RS",-28.31181,-52.80419,"soybean",67,18.65,"Fusarium graminearum","15-ADON",88
"454",3,2010,"Carazinho","RS",-28.31181,-52.80419,"soybean",67,18.65,"Fusarium graminearum","15-ADON",89
"455",3,2010,"Carazinho","RS",-28.31181,-52.80419,"soybean",67,18.65,"Fusarium graminearum","15-ADON",90
"456",NA,2009,"Apucarana","PR",-23.55083333,-51.08583333,NA,NA,NA,"Fusarium graminearum","15-ADON",16
"457",NA,2009,"Apucarana","PR",-23.55083333,-51.08583333,NA,NA,NA,"Fusarium graminearum","15-ADON",17
"458",NA,2009,"Apucarana","PR",-23.55083333,-51.08583333,NA,NA,NA,"Fusarium graminearum","15-ADON",18
"459",NA,2009,"Apucarana","PR",-23.55083333,-51.08583333,NA,NA,NA,"Fmer","NIV",19
"460",NA,2009,"Arapongas","PR",-23.41944444,-51.42444444,NA,NA,NA,"Fusarium graminearum","15-ADON",20
"461",NA,2009,"Arapongas","PR",-23.41944444,-51.42444444,NA,NA,NA,"Fusarium graminearum","15-ADON",21
"462",NA,2009,"Arapongas","PR",-23.41944444,-51.42444444,NA,NA,NA,"Fusarium graminearum","15-ADON",22
"463",NA,2009,"Arapongas","PR",-23.41944444,-51.42444444,NA,NA,NA,"Fusarium graminearum","15-ADON",23
"464",NA,2009,"Assis Chateaubriand","PR",-24.79888889,-53.30666667,NA,NA,NA,"Fmer","NIV",24
"465",NA,2009,"Assis Chateaubriand","PR",-24.79888889,-53.30666667,NA,NA,NA,"Fmer","NIV",25
"466",NA,2009,"Assis Chateaubriand","PR",-24.79888889,-53.30666667,NA,NA,NA,"Fmer","NIV",26
"467",NA,2009,"Assis Chateaubriand","PR",-24.79888889,-53.30666667,NA,NA,NA,"Fmer","NIV",27
"468",NA,2009,"Assis Chateaubriand","PR",-24.79888889,-53.30666667,NA,NA,NA,"Fmer","NIV",28
"469",NA,2009,"Bela Vista do Paraiso","PR",-24.09972222,-52.62333333,NA,NA,NA,"Fmer","NIV",33
"470",NA,2009,"Cambe","PR",-23.27583333,-51.27833333,NA,NA,NA,"Fusarium graminearum","15-ADON",41
"471",NA,2009,"Cambe","PR",-23.27583333,-51.27833333,NA,NA,NA,"Fusarium graminearum","15-ADON",42
"472",NA,2009,"Cambe","PR",-23.27583333,-51.27833333,NA,NA,NA,"Fusarium graminearum","15-ADON",43
"473",NA,2009,"Cambe","PR",-23.27583333,-51.27833333,NA,NA,NA,"Fusarium graminearum","15-ADON",44
"474",NA,2009,"Campo Mourao","PR",-24.04555556,-52.38305556,NA,NA,NA,"Fusarium graminearum","15-ADON",45
"475",NA,2009,"Campo Mourao","PR",-24.04555556,-52.38305556,NA,NA,NA,"Fusarium graminearum","15-ADON",46
"476",NA,2009,"Campo Mourao","PR",-24.04555556,-52.38305556,NA,NA,NA,"Fusarium graminearum","15-ADON",47
"477",NA,2009,"Campo Mourao","PR",-24.04555556,-52.38305556,NA,NA,NA,"Fusarium graminearum","15-ADON",48
"478",NA,2009,"Campo Mourao","PR",-24.04555556,-52.38305556,NA,NA,NA,"Fusarium graminearum","15-ADON",49
"479",NA,2009,"Campo Mourao","PR",-24.04555556,-52.38305556,NA,NA,NA,"Fusarium graminearum","15-ADON",50
"480",NA,2009,"Campo Mourao","PR",-24.04555556,-52.38305556,NA,NA,NA,"Fusarium graminearum","15-ADON",51
"481",NA,2009,"Campo Mourao","PR",-24.04555556,-52.38305556,NA,NA,NA,"Fusarium graminearum","15-ADON",52
"482",NA,2009,"Campo Mourao","PR",-24.04555556,-52.38305556,NA,NA,NA,"Fusarium graminearum","15-ADON",53
"483",NA,2009,"Campo Mourao","PR",-24.04555556,-52.38305556,NA,NA,NA,"Fusarium graminearum","15-ADON",54
"484",NA,2009,"Campo Mourao","PR",-24.04555556,-52.38305556,NA,NA,NA,"Fusarium graminearum","15-ADON",55
"485",NA,2009,"Cascavel","PR",-24.95583333,-53.45527778,NA,NA,NA,"Fusarium graminearum","15-ADON",126
"486",NA,2009,"Cascavel","PR",-24.95583333,-53.45527778,NA,NA,NA,"Fusarium graminearum","15-ADON",127
"487",NA,2009,"Cascavel","PR",-24.95583333,-53.45527778,NA,NA,NA,"Fusarium graminearum","15-ADON",128
"488",NA,2009,"Cascavel","PR",-24.95583333,-53.45527778,NA,NA,NA,"Fusarium graminearum","15-ADON",129
"489",NA,2009,"Cascavel","PR",-24.95583333,-53.45527778,NA,NA,NA,"Fusarium graminearum","15-ADON",130
"490",NA,2009,"Corbelia","PR",-24.29277778,-53.3125,NA,NA,NA,"Fmer","NIV",154
"491",NA,2009,"Corbelia","PR",-24.29277778,-53.3125,NA,NA,NA,"Fmer","NIV",155
"492",NA,2009,"Cornelio Procopio","PR",-23.18111111,-50.64666667,NA,NA,NA,"Fusarium graminearum","15-ADON",156
"493",NA,2009,"Cornelio Procopio","PR",-23.18111111,-50.64666667,NA,NA,NA,"Fusarium graminearum","15-ADON",157
"494",NA,2009,"Cornelio Procopio","PR",-23.18111111,-50.64666667,NA,NA,NA,"Fusarium graminearum","15-ADON",158
"495",NA,2009,"Cornelio Procopio","PR",-23.18111111,-50.64666667,NA,NA,NA,"Fusarium graminearum","15-ADON",159
"496",NA,2009,"Cornelio Procopio","PR",-23.18111111,-50.64666667,NA,NA,NA,"Fusarium graminearum","15-ADON",160
"497",NA,2009,"Farol","PR",-24.09972222,-52.62333333,NA,NA,NA,"Fusarium graminearum","15-ADON",232
"498",NA,2009,"Farol","PR",-24.09972222,-52.62333333,NA,NA,NA,"Fmer","NIV",233
"499",NA,2009,"Formosa do Oeste","PR",-24.29277778,-53.3125,NA,NA,NA,"Fusarium graminearum","15-ADON",234
"500",NA,2009,"Formosa do Oeste","PR",-24.29277778,-53.3125,NA,NA,NA,"Fusarium graminearum","15-ADON",235
"501",NA,2009,"Formosa do Oeste","PR",-24.29277778,-53.3125,NA,NA,NA,"Fusarium graminearum","15-ADON",236
"502",NA,2009,"Formosa do Oeste","PR",-24.29277778,-53.3125,NA,NA,NA,"Fmer","NIV",237
"503",NA,2009,"Janiopolis","PR",-24.14194444,-52.78166667,NA,NA,NA,"Fusarium graminearum","15-ADON",272
"504",NA,2009,"Janiopolis","PR",-24.14194444,-52.78166667,NA,NA,NA,"Fusarium graminearum","15-ADON",273
"505",NA,2009,"Janiopolis","PR",-24.14194444,-52.78166667,NA,NA,NA,"Fusarium graminearum","15-ADON",274
"506",NA,2009,"Jataizinho","PR",-23.25416667,-50.98,NA,NA,NA,"Fusarium graminearum","15-ADON",275
"507",NA,2009,"Jataizinho","PR",-23.25416667,-50.98,NA,NA,NA,"Fusarium graminearum","15-ADON",276
"508",NA,2009,"Jataizinho","PR",-23.25416667,-50.98,NA,NA,NA,"Fusarium graminearum","15-ADON",277
"509",NA,2009,"Jataizinho","PR",-23.25416667,-50.98,NA,NA,NA,"Fusarium graminearum","15-ADON",278
"510",NA,2009,"Jataizinho","PR",-23.25416667,-50.98,NA,NA,NA,"Fusarium graminearum","15-ADON",279
"511",NA,2009,"Jesuitas","PR",-24.385,-53.3875,NA,NA,NA,"Fusarium graminearum","15-ADON",280
"512",NA,2009,"Jesuitas","PR",-24.385,-53.3875,NA,NA,NA,"Fusarium graminearum","15-ADON",281
"513",NA,2009,"Jesuitas","PR",-24.385,-53.3875,NA,NA,NA,"Fusarium graminearum","15-ADON",282
"514",NA,2009,"Jesuitas","PR",-24.385,-53.3875,NA,NA,NA,"Fusarium graminearum","15-ADON",283
"515",NA,2009,"Jesuitas","PR",-24.385,-53.3875,NA,NA,NA,"Fusarium graminearum","15-ADON",284
"516",NA,2009,"Juranda","PR",-24.42027778,-52.84305556,NA,NA,NA,"Fusarium graminearum","15-ADON",285
"517",NA,2009,"Juranda","PR",-24.42027778,-52.84305556,NA,NA,NA,"Fusarium graminearum","15-ADON",286
"518",NA,2009,"Juranda","PR",-24.42027778,-52.84305556,NA,NA,NA,"Fmer","NIV",287
"519",NA,2009,"Juranda","PR",-24.42027778,-52.84305556,NA,NA,NA,"Fmer","NIV",288
"520",NA,2009,"Juranda","PR",-24.42027778,-52.84305556,NA,NA,NA,"Fmer","NIV",289
"521",NA,2009,"Mambore","PR",-24.32194444,-52.53,NA,NA,NA,"Fusarium graminearum","15-ADON",323
"522",NA,2009,"Mambore","PR",-24.32194444,-52.53,NA,NA,NA,"Fusarium graminearum","15-ADON",324
"523",NA,2009,"Mambore","PR",-24.32194444,-52.53,NA,NA,NA,"Fusarium graminearum","15-ADON",325
"524",NA,2009,"Maringa","PR",-23.42527778,-51.93861111,NA,NA,NA,"Fusarium graminearum","15-ADON",349
"525",NA,2009,"Maringa","PR",-23.42527778,-51.93861111,NA,NA,NA,"Fusarium graminearum","15-ADON",350
"526",NA,2009,"Maringa","PR",-23.42527778,-51.93861111,NA,NA,NA,"Fusarium graminearum","15-ADON",351
"527",NA,2009,"Maringa","PR",-23.42527778,-51.93861111,NA,NA,NA,"Fusarium graminearum","15-ADON",352
"528",NA,2009,"Maringa","PR",-23.42527778,-51.93861111,NA,NA,NA,"Fusarium graminearum","15-ADON",353
"529",NA,2009,"Maringa","PR",-23.42527778,-51.93861111,NA,NA,NA,"Fusarium graminearum","15-ADON",354
"530",NA,2009,"Maringa","PR",-23.42527778,-51.93861111,NA,NA,NA,"Fusarium graminearum","15-ADON",355
"531",NA,2009,"Maringa","PR",-23.42527778,-51.93861111,NA,NA,NA,"Fusarium graminearum","15-ADON",356
"532",NA,2009,"Maringa","PR",-23.42527778,-51.93861111,NA,NA,NA,"Fusarium graminearum","15-ADON",357
"533",NA,2009,"Maringa","PR",-23.42527778,-51.93861111,NA,NA,NA,"Fusarium graminearum","15-ADON",358
"534",NA,2009,"Maringa","PR",-23.42527778,-51.93861111,NA,NA,NA,"Fusarium graminearum","15-ADON",359
"535",NA,2009,"Maringa","PR",-23.42527778,-51.93861111,NA,NA,NA,"Fusarium graminearum","15-ADON",360
"536",NA,2009,"Maringa","PR",-23.42527778,-51.93861111,NA,NA,NA,"Fusarium graminearum","15-ADON",361
"537",NA,2009,"Maringa","PR",-23.42527778,-51.93861111,NA,NA,NA,"Fusarium graminearum","15-ADON",362
"538",NA,2009,"Maringa","PR",-23.42527778,-51.93861111,NA,NA,NA,"Fusarium graminearum","15-ADON",363
"539",NA,2009,"Maringa","PR",-23.42527778,-51.93861111,NA,NA,NA,"Fusarium graminearum","15-ADON",364
"540",NA,2009,"Maringa","PR",-23.42527778,-51.93861111,NA,NA,NA,"Fusarium graminearum","15-ADON",365
"541",NA,2009,"Maringa","PR",-23.42527778,-51.93861111,NA,NA,NA,"Fmer","NIV",366
"542",NA,2009,"Maringa","PR",-23.42527778,-51.93861111,NA,NA,NA,"Fmer","NIV",367
"543",NA,2009,"Maringa","PR",-23.42527778,-51.93861111,NA,NA,NA,"Fmer","NIV",368
"544",NA,2009,"Maringa","PR",-23.42527778,-51.93861111,NA,NA,NA,"Fmer","NIV",369
"545",NA,2009,"Pato Branco","PR",-26.22861111,-52.67055556,NA,NA,NA,"Fusarium graminearum","15-ADON",452
"546",NA,2009,"Pato Branco","PR",-26.22861111,-52.67055556,NA,NA,NA,"Fusarium graminearum","15-ADON",453
"547",NA,2009,"Pato Branco","PR",-26.22861111,-52.67055556,NA,NA,NA,"Fusarium graminearum","15-ADON",454
"548",NA,2009,"Pato Branco","PR",-26.22861111,-52.67055556,NA,NA,NA,"Fusarium graminearum","15-ADON",455
"549",NA,2009,"Pato Branco","PR",-26.22861111,-52.67055556,NA,NA,NA,"Fusarium graminearum","15-ADON",456
"550",NA,2009,"Pato Branco","PR",-26.22861111,-52.67055556,NA,NA,NA,"Fusarium graminearum","15-ADON",457
"551",NA,2009,"Peabiru","PR",-23.91277778,-52.34305556,NA,NA,NA,"Fusarium graminearum","15-ADON",458
"552",NA,2009,"Peabiru","PR",-23.91277778,-52.34305556,NA,NA,NA,"Fusarium graminearum","15-ADON",459
"553",NA,2009,"Peabiru","PR",-23.91277778,-52.34305556,NA,NA,NA,"Fusarium graminearum","15-ADON",460
"554",NA,2009,"Peabiru","PR",-23.91277778,-52.34305556,NA,NA,NA,"Fusarium graminearum","15-ADON",461
"555",NA,2009,"Peabiru","PR",-23.91277778,-52.34305556,NA,NA,NA,"Fmer","NIV",462
"556",NA,2009,"Ponta Grossa","PR",-25.095,-50.16194444,NA,NA,NA,"Fusarium graminearum","15-ADON",467
"557",NA,2009,"Ponta Grossa","PR",-25.095,-50.16194444,NA,NA,NA,"Fusarium graminearum","15-ADON",468
"558",NA,2009,"Ponta Grossa","PR",-25.095,-50.16194444,NA,NA,NA,"Fusarium graminearum","15-ADON",469
"559",NA,2009,"Ponta Grossa","PR",-25.095,-50.16194444,NA,NA,NA,"Fusarium graminearum","15-ADON",470
"560",NA,2009,"Ponta Grossa","PR",-25.095,-50.16194444,NA,NA,NA,"Fusarium graminearum","15-ADON",471
"561",NA,2009,"Ponta Grossa","PR",-25.095,-50.16194444,NA,NA,NA,"Fusarium graminearum","15-ADON",472
"562",NA,2009,"Rol<U+008A>ndia","PR",-23.30972222,-51.36916667,NA,NA,NA,"Fusarium graminearum","15-ADON",473
"563",NA,2009,"Sertaneja","PR",-23.03694444,-50.83833333,NA,NA,NA,"Fusarium graminearum","15-ADON",556
"564",NA,2009,"Sertaneja","PR",-23.03694444,-50.83833333,NA,NA,NA,"Fusarium graminearum","15-ADON",557
"565",NA,2009,"Sertaneja","PR",-23.03694444,-50.83833333,NA,NA,NA,"Fmer","NIV",558
"566",NA,2009,"Sertanopolis","PR",-23.05861111,-51.03638889,NA,NA,NA,"Fusarium graminearum","15-ADON",559
"567",NA,2009,"Sertanopolis","PR",-23.05861111,-51.03638889,NA,NA,NA,"Fmer","NIV",560
"568",NA,2009,"Sertanopolis","PR",-23.05861111,-51.03638889,NA,NA,NA,"Fmer","NIV",561
"569",NA,2009,"Sertanopolis","PR",-23.05861111,-51.03638889,NA,NA,NA,"Fmer","NIV",562
"570",NA,2009,"Toledo","PR",-24.71361111,-53.74305556,NA,NA,NA,"Fmer","NIV",617
"571",NA,2009,"Toledo","PR",-24.71361111,-53.74305556,NA,NA,NA,"Fmer","NIV",618
"572",NA,2009,"Toledo","PR",-24.71361111,-53.74305556,NA,NA,NA,"Fmer","NIV",619
"573",NA,2009,"Toledo","PR",-24.71361111,-53.74305556,NA,NA,NA,"Fmer","NIV",620
"574",NA,2009,"Toledo","PR",-24.71361111,-53.74305556,NA,NA,NA,"Fmer","NIV",621
"575",NA,2009,"Tupassi","PR",-24.58777778,-53.595,NA,NA,NA,"Fusarium graminearum","15-ADON",622
"576",NA,2009,"Tupassi","PR",-24.58777778,-53.595,NA,NA,NA,"Fmer","NIV",623
"577",NA,2009,"Tupassi","PR",-24.58777778,-53.595,NA,NA,NA,"Fmer","NIV",624
"578",NA,2009,"Tupassi","PR",-24.58777778,-53.595,NA,NA,NA,"Fmer","NIV",625
"579",NA,2011,"Cantagalo","PR",-25.37444444,-52.12638889,NA,NA,NA,"Faus","NIV",56
"580",NA,2011,"Cantagalo","PR",-25.37444444,-52.12638889,NA,NA,NA,"Fusarium graminearum","15-ADON",57
"581",NA,2011,"Cantagalo","PR",-25.37444444,-52.12638889,NA,NA,NA,"Fusarium graminearum","15-ADON",58
"582",NA,2011,"Cantagalo","PR",-25.37444444,-52.12638889,NA,NA,NA,"Fusarium graminearum","15-ADON",59
"583",NA,2011,"Cantagalo","PR",-25.37444444,-52.12638889,NA,NA,NA,"Fusarium graminearum","15-ADON",60
"584",NA,2011,"Cantagalo","PR",-25.37444444,-52.12638889,NA,NA,NA,"Fusarium graminearum","15-ADON",61
"585",NA,2011,"Cantagalo","PR",-25.37444444,-52.12638889,NA,NA,NA,"Fusarium graminearum","15-ADON",62
"586",NA,2011,"Cantagalo","PR",-25.37444444,-52.12638889,NA,NA,NA,"Fusarium graminearum","15-ADON",63
"587",NA,2011,"Cantagalo","PR",-25.37444444,-52.12638889,NA,NA,NA,"Fusarium graminearum","15-ADON",64
"588",NA,2011,"Cantagalo","PR",-25.37444444,-52.12638889,NA,NA,NA,"Fusarium graminearum","15-ADON",65
"589",NA,2011,"Cantagalo","PR",-25.37444444,-52.12638889,NA,NA,NA,"Fusarium graminearum","15-ADON",66
"590",NA,2011,"Cantagalo","PR",-25.37444444,-52.12638889,NA,NA,NA,"Fusarium graminearum","15-ADON",67
"591",NA,2011,"Cantagalo","PR",-25.37444444,-52.12638889,NA,NA,NA,"Fusarium graminearum","15-ADON",68
"592",NA,2011,"Cantagalo","PR",-25.37444444,-52.12638889,NA,NA,NA,"Fusarium graminearum","15-ADON",69
"593",NA,2011,"Cantagalo","PR",-25.37444444,-52.12638889,NA,NA,NA,"Fusarium graminearum","15-ADON",70
"594",NA,2011,"Cantagalo","PR",-25.37444444,-52.12638889,NA,NA,NA,"Fusarium graminearum","15-ADON",71
"595",NA,2011,"Cantagalo","PR",-25.37444444,-52.12638889,NA,NA,NA,"Fusarium graminearum","15-ADON",72
"596",NA,2011,"Cantagalo","PR",-25.37444444,-52.12638889,NA,NA,NA,"Fusarium graminearum","15-ADON",73
"597",NA,2011,"Cantagalo","PR",-25.37444444,-52.12638889,NA,NA,NA,"Fusarium graminearum","15-ADON",74
"598",NA,2011,"Cantagalo","PR",-25.37444444,-52.12638889,NA,NA,NA,"Fusarium graminearum","15-ADON",75
"599",NA,2011,"Cantagalo","PR",-25.37444444,-52.12638889,NA,NA,NA,"Fusarium graminearum","15-ADON",76
"600",NA,2011,"Cantagalo","PR",-25.37444444,-52.12638889,NA,NA,NA,"Fusarium graminearum","15-ADON",77
"601",NA,2011,"Cantagalo","PR",-25.37444444,-52.12638889,NA,NA,NA,"Fmer","NIV",78
"602",NA,2011,"Cantagalo","PR",-25.37444444,-52.12638889,NA,NA,NA,"Fmer","NIV",79
"603",NA,2011,"Cantagalo","PR",-25.37444444,-52.12638889,NA,NA,NA,"Fmer","NIV",80
"604",NA,2011,"Cantagalo","PR",-25.37444444,-52.12638889,NA,NA,NA,"Fmer","NIV",81
"605",NA,2011,"Manoel Ribas","PR",-24.51638889,-51.66777778,NA,NA,NA,"Fusarium graminearum","15-ADON",326
"606",NA,2011,"Manoel Ribas","PR",-24.51638889,-51.66777778,NA,NA,NA,"Fusarium graminearum","15-ADON",327
"607",NA,2011,"Manoel Ribas","PR",-24.51638889,-51.66777778,NA,NA,NA,"Fusarium graminearum","15-ADON",328
"608",NA,2011,"Manoel Ribas","PR",-24.51638889,-51.66777778,NA,NA,NA,"Fusarium graminearum","15-ADON",329
"609",NA,2011,"Manoel Ribas","PR",-24.51638889,-51.66777778,NA,NA,NA,"Fusarium graminearum","15-ADON",330
"610",NA,2011,"Manoel Ribas","PR",-24.51638889,-51.66777778,NA,NA,NA,"Fusarium graminearum","15-ADON",331
"611",NA,2011,"Manoel Ribas","PR",-24.51638889,-51.66777778,NA,NA,NA,"Fusarium graminearum","15-ADON",332
"612",NA,2011,"Manoel Ribas","PR",-24.51638889,-51.66777778,NA,NA,NA,"Fusarium graminearum","15-ADON",333
"613",NA,2011,"Manoel Ribas","PR",-24.51638889,-51.66777778,NA,NA,NA,"Fusarium graminearum","15-ADON",334
"614",NA,2011,"Manoel Ribas","PR",-24.51638889,-51.66777778,NA,NA,NA,"Fusarium graminearum","15-ADON",335
"615",NA,2011,"Manoel Ribas","PR",-24.51638889,-51.66777778,NA,NA,NA,"Fusarium graminearum","15-ADON",336
"616",NA,2011,"Manoel Ribas","PR",-24.51638889,-51.66777778,NA,NA,NA,"Fmer","NIV",337
"617",NA,2011,"Manoel Ribas","PR",-24.51638889,-51.66777778,NA,NA,NA,"Fmer","NIV",338
"618",NA,2011,"Manoel Ribas","PR",-24.51638889,-51.66777778,NA,NA,NA,"Fmer","NIV",339
"619",NA,2011,"Manoel Ribas","PR",-24.51638889,-51.66777778,NA,NA,NA,"Fmer","NIV",340
"620",NA,2011,"Manoel Ribas","PR",-24.51638889,-51.66777778,NA,NA,NA,"Fmer","NIV",341
"621",NA,2011,"Manoel Ribas","PR",-24.51638889,-51.66777778,NA,NA,NA,"Fmer","NIV",342
"622",NA,2011,"Manoel Ribas","PR",-24.51638889,-51.66777778,NA,NA,NA,"Fmer","NIV",343
"623",NA,2011,"Manoel Ribas","PR",-24.51638889,-51.66777778,NA,NA,NA,"Fmer","NIV",344
"624",NA,2011,"Manoel Ribas","PR",-24.51638889,-51.66777778,NA,NA,NA,"Fmer","NIV",345
"625",NA,2011,"Roncador","PR",-24.60277778,-52.275,NA,NA,NA,"Faus","3-ADON",474
"626",NA,2011,"Roncador","PR",-24.60277778,-52.275,NA,NA,NA,"Faus","3-ADON",475
"627",NA,2011,"Roncador","PR",-24.60277778,-52.275,NA,NA,NA,"Faus","3-ADON",476
"628",NA,2011,"Roncador","PR",-24.60277778,-52.275,NA,NA,NA,"Faus","NIV",477
"629",NA,2011,"Roncador","PR",-24.60277778,-52.275,NA,NA,NA,"Fusarium graminearum","15-ADON",478
"630",NA,2011,"Roncador","PR",-24.60277778,-52.275,NA,NA,NA,"Fusarium graminearum","15-ADON",479
"631",NA,2011,"Roncador","PR",-24.60277778,-52.275,NA,NA,NA,"Fusarium graminearum","15-ADON",480
"632",NA,2011,"Roncador","PR",-24.60277778,-52.275,NA,NA,NA,"Fusarium graminearum","15-ADON",481
"633",NA,2011,"Roncador","PR",-24.60277778,-52.275,NA,NA,NA,"Fusarium graminearum","15-ADON",482
"634",NA,2011,"Roncador","PR",-24.60277778,-52.275,NA,NA,NA,"Fusarium graminearum","15-ADON",483
"635",NA,2011,"Roncador","PR",-24.60277778,-52.275,NA,NA,NA,"Fusarium graminearum","15-ADON",484
"636",NA,2011,"Roncador","PR",-24.60277778,-52.275,NA,NA,NA,"Fusarium graminearum","15-ADON",485
"637",NA,2011,"Roncador","PR",-24.60277778,-52.275,NA,NA,NA,"Fusarium graminearum","15-ADON",486
"638",NA,2011,"Roncador","PR",-24.60277778,-52.275,NA,NA,NA,"Fusarium graminearum","15-ADON",487
"639",NA,2011,"Roncador","PR",-24.60277778,-52.275,NA,NA,NA,"Fusarium graminearum","15-ADON",488
"640",NA,2011,"Roncador","PR",-24.60277778,-52.275,NA,NA,NA,"Fusarium graminearum","15-ADON",489
"641",NA,2011,"Roncador","PR",-24.60277778,-52.275,NA,NA,NA,"Fusarium graminearum","15-ADON",490
"642",NA,2011,"Roncador","PR",-24.60277778,-52.275,NA,NA,NA,"Fusarium graminearum","15-ADON",491
"643",NA,2011,"Roncador","PR",-24.60277778,-52.275,NA,NA,NA,"Fusarium graminearum","15-ADON",492
"644",NA,2011,"Roncador","PR",-24.60277778,-52.275,NA,NA,NA,"Fusarium graminearum","15-ADON",493
"645",NA,2011,"Roncador","PR",-24.60277778,-52.275,NA,NA,NA,"Fusarium graminearum","15-ADON",494
"646",NA,2011,"Roncador","PR",-24.60277778,-52.275,NA,NA,NA,"Fusarium graminearum","15-ADON",495
"647",NA,2011,"Roncador","PR",-24.60277778,-52.275,NA,NA,NA,"Fusarium graminearum","15-ADON",496
"648",NA,2011,"Roncador","PR",-24.60277778,-52.275,NA,NA,NA,"Fusarium graminearum","15-ADON",497
"649",NA,2011,"Roncador","PR",-24.60277778,-52.275,NA,NA,NA,"Fusarium graminearum","15-ADON",498
"650",NA,2011,"Roncador","PR",-24.60277778,-52.275,NA,NA,NA,"Fusarium graminearum","15-ADON",499
"651",NA,2011,"Roncador","PR",-24.60277778,-52.275,NA,NA,NA,"Fusarium graminearum","15-ADON",500
"652",NA,2011,"Roncador","PR",-24.60277778,-52.275,NA,NA,NA,"Fusarium graminearum","15-ADON",501
"653",NA,2011,"Roncador","PR",-24.60277778,-52.275,NA,NA,NA,"Fusarium graminearum","15-ADON",502
"654",NA,2011,"Roncador","PR",-24.60277778,-52.275,NA,NA,NA,"Fusarium graminearum","15-ADON",503
"655",NA,2011,"Roncador","PR",-24.60277778,-52.275,NA,NA,NA,"Fmer","NIV",504
"656",NA,2011,"Roncador","PR",-24.60277778,-52.275,NA,NA,NA,"Fmer","NIV",505
"657",NA,2011,"Roncador","PR",-24.60277778,-52.275,NA,NA,NA,"Fmer","NIV",506
"658",NA,2011,"Roncador","PR",-24.60277778,-52.275,NA,NA,NA,"Fmer","NIV",507
"659",NA,2011,"Roncador","PR",-24.60277778,-52.275,NA,NA,NA,"Fmer","NIV",508
"660",NA,2011,"Roncador","PR",-24.60277778,-52.275,NA,NA,NA,"Fmer","NIV",509
"661",NA,2011,"Roncador","PR",-24.60277778,-52.275,NA,NA,NA,"Fmer","NIV",510
"662",NA,2011,"Roncador","PR",-24.60277778,-52.275,NA,NA,NA,"Fmer","NIV",511
"663",NA,2011,"Roncador","PR",-24.60277778,-52.275,NA,NA,NA,"Fmer","NIV",512
"664",NA,2011,"Roncador","PR",-24.60277778,-52.275,NA,NA,NA,"Fmer","NIV",513
"665",NA,2011,"Roncador","PR",-24.60277778,-52.275,NA,NA,NA,"Fmer","NIV",514
"666",NA,2011,"Roncador","PR",-24.60277778,-52.275,NA,NA,NA,"Fmer","NIV",515
"667",NA,2011,"Roncador","PR",-24.60277778,-52.275,NA,NA,NA,"Fmer","NIV",516
"668",NA,2011,"Roncador","PR",-24.60277778,-52.275,NA,NA,NA,"Fmer","NIV",517
"669",NA,2011,"Roncador","PR",-24.60277778,-52.275,NA,NA,NA,"Fmer","NIV",518
"670",NA,2011,"Roncador","PR",-24.60277778,-52.275,NA,NA,NA,"Fmer","NIV",519
"671",NA,2011,"Roncador","PR",-24.60277778,-52.275,NA,NA,NA,"Fmer","NIV",520
